cal_dt,cal_type_desc,day_of_wk_num,day_of_wk_desc,yr_num,wk_num,yr_wk_num,mnth_num,yr_mnth_num,qtr_num,yr_qtr_num
2023-01-01,Weekend,7,Sunday,2023,52,202352,1,202301,1,20231
2023-01-02,Business Day,1,Monday,2023,1,202301,1,202301,1,20231
2023-01-03,Business Day,2,Tuesday,2023,1,202301,1,202301,1,20231
2023-01-04,Business Day,3,Wednesday,2023,1,202301,1,202301,1,20231
2023-01-05,Business Day,4,Thursday,2023,1,202301,1,202301,1,20231
2023-01-06,Business Day,5,Friday,2023,1,202301,1,202301,1,20231
2023-01-07,Weekend,6,Saturday,2023,1,202301,1,202301,1,20231
2023-01-08,Weekend,7,Sunday,2023,1,202301,1,202301,1,20231
2023-01-09,Business Day,1,Monday,2023,2,202302,1,202301,1,20231
2023-01-10,Business Day,2,Tuesday,2023,2,202302,1,202301,1,20231
2023-01-11,Business Day,3,Wednesday,2023,2,202302,1,202301,1,20231
2023-01-12,Business Day,4,Thursday,2023,2,202302,1,202301,1,20231
2023-01-13,Business Day,5,Friday,2023,2,202302,1,202301,1,20231
2023-01-14,Weekend,6,Saturday,2023,2,202302,1,202301,1,20231
2023-01-15,Weekend,7,Sunday,2023,2,202302,1,202301,1,20231
2023-01-16,Business Day,1,Monday,2023,3,202303,1,202301,1,20231
2023-01-17,Business Day,2,Tuesday,2023,3,202303,1,202301,1,20231
2023-01-18,Business Day,3,Wednesday,2023,3,202303,1,202301,1,20231
2023-01-19,Business Day,4,Thursday,2023,3,202303,1,202301,1,20231
2023-01-20,Business Day,5,Friday,2023,3,202303,1,202301,1,20231
2023-01-21,Weekend,6,Saturday,2023,3,202303,1,202301,1,20231
2023-01-22,Weekend,7,Sunday,2023,3,202303,1,202301,1,20231
2023-01-23,Business Day,1,Monday,2023,4,202304,1,202301,1,20231
2023-01-24,Business Day,2,Tuesday,2023,4,202304,1,202301,1,20231
2023-01-25,Business Day,3,Wednesday,2023,4,202304,1,202301,1,20231
2023-01-26,Business Day,4,Thursday,2023,4,202304,1,202301,1,20231
2023-01-27,Business Day,5,Friday,2023,4,202304,1,202301,1,20231
2023-01-28,Weekend,6,Saturday,2023,4,202304,1,202301,1,20231
2023-01-29,Weekend,7,Sunday,2023,4,202304,1,202301,1,20231
2023-01-30,Business Day,1,Monday,2023,5,202305,1,202301,1,20231
2023-01-31,Business Day,2,Tuesday,2023,5,202305,1,202301,1,20231
2023-02-01,Business Day,3,Wednesday,2023,5,202305,2,202302,1,20231
2023-02-02,Business Day,4,Thursday,2023,5,202305,2,202302,1,20231
2023-02-03,Business Day,5,Friday,2023,5,202305,2,202302,1,20231
2023-02-04,Weekend,6,Saturday,2023,5,202305,2,202302,1,20231
2023-02-05,Weekend,7,Sunday,2023,5,202305,2,202302,1,20231
2023-02-06,Business Day,1,Monday,2023,6,202306,2,202302,1,20231
2023-02-07,Business Day,2,Tuesday,2023,6,202306,2,202302,1,20231
2023-02-08,Business Day,3,Wednesday,2023,6,202306,2,202302,1,20231
2023-02-09,Business Day,4,Thursday,2023,6,202306,2,202302,1,20231
2023-02-10,Business Day,5,Friday,2023,6,202306,2,202302,1,20231
2023-02-11,Weekend,6,Saturday,2023,6,202306,2,202302,1,20231
2023-02-12,Weekend,7,Sunday,2023,6,202306,2,202302,1,20231
2023-02-13,Business Day,1,Monday,2023,7,202307,2,202302,1,20231
2023-02-14,Business Day,2,Tuesday,2023,7,202307,2,202302,1,20231
2023-02-15,Business Day,3,Wednesday,2023,7,202307,2,202302,1,20231
2023-02-16,Business Day,4,Thursday,2023,7,202307,2,202302,1,20231
2023-02-17,Business Day,5,Friday,2023,7,202307,2,202302,1,20231
2023-02-18,Weekend,6,Saturday,2023,7,202307,2,202302,1,20231
2023-02-19,Weekend,7,Sunday,2023,7,202307,2,202302,1,20231
2023-02-20,Business Day,1,Monday,2023,8,202308,2,202302,1,20231
2023-02-21,Business Day,2,Tuesday,2023,8,202308,2,202302,1,20231
2023-02-22,Business Day,3,Wednesday,2023,8,202308,2,202302,1,20231
2023-02-23,Business Day,4,Thursday,2023,8,202308,2,202302,1,20231
2023-02-24,Business Day,5,Friday,2023,8,202308,2,202302,1,20231
2023-02-25,Weekend,6,Saturday,2023,8,202308,2,202302,1,20231
2023-02-26,Weekend,7,Sunday,2023,8,202308,2,202302,1,20231
2023-02-27,Business Day,1,Monday,2023,9,202309,2,202302,1,20231
2023-02-28,Business Day,2,Tuesday,2023,9,202309,2,202302,1,20231
2023-03-01,Business Day,3,Wednesday,2023,9,202309,3,202303,1,20231
2023-03-02,Business Day,4,Thursday,2023,9,202309,3,202303,1,20231
2023-03-03,Business Day,5,Friday,2023,9,202309,3,202303,1,20231
2023-03-04,Weekend,6,Saturday,2023,9,202309,3,202303,1,20231
2023-03-05,Weekend,7,Sunday,2023,9,202309,3,202303,1,20231
2023-03-06,Business Day,1,Monday,2023,10,202310,3,202303,1,20231
2023-03-07,Business Day,2,Tuesday,2023,10,202310,3,202303,1,20231
2023-03-08,Business Day,3,Wednesday,2023,10,202310,3,202303,1,20231
2023-03-09,Business Day,4,Thursday,2023,10,202310,3,202303,1,20231
2023-03-10,Business Day,5,Friday,2023,10,202310,3,202303,1,20231
2023-03-11,Weekend,6,Saturday,2023,10,202310,3,202303,1,20231
2023-03-12,Weekend,7,Sunday,2023,10,202310,3,202303,1,20231
2023-03-13,Business Day,1,Monday,2023,11,202311,3,202303,1,20231
2023-03-14,Business Day,2,Tuesday,2023,11,202311,3,202303,1,20231
2023-03-15,Business Day,3,Wednesday,2023,11,202311,3,202303,1,20231
2023-03-16,Business Day,4,Thursday,2023,11,202311,3,202303,1,20231
2023-03-17,Business Day,5,Friday,2023,11,202311,3,202303,1,20231
2023-03-18,Weekend,6,Saturday,2023,11,202311,3,202303,1,20231
2023-03-19,Weekend,7,Sunday,2023,11,202311,3,202303,1,20231
2023-03-20,Business Day,1,Monday,2023,12,202312,3,202303,1,20231
2023-03-21,Business Day,2,Tuesday,2023,12,202312,3,202303,1,20231
2023-03-22,Business Day,3,Wednesday,2023,12,202312,3,202303,1,20231
2023-03-23,Business Day,4,Thursday,2023,12,202312,3,202303,1,20231
2023-03-24,Business Day,5,Friday,2023,12,202312,3,202303,1,20231
2023-03-25,Weekend,6,Saturday,2023,12,202312,3,202303,1,20231
2023-03-26,Weekend,7,Sunday,2023,12,202312,3,202303,1,20231
2023-03-27,Business Day,1,Monday,2023,13,202313,3,202303,1,20231
2023-03-28,Business Day,2,Tuesday,2023,13,202313,3,202303,1,20231
2023-03-29,Business Day,3,Wednesday,2023,13,202313,3,202303,1,20231
2023-03-30,Business Day,4,Thursday,2023,13,202313,3,202303,1,20231
2023-03-31,Business Day,5,Friday,2023,13,202313,3,202303,1,20231
2023-04-01,Weekend,6,Saturday,2023,13,202313,4,202304,2,20232
2023-04-02,Weekend,7,Sunday,2023,13,202313,4,202304,2,20232
2023-04-03,Business Day,1,Monday,2023,14,202314,4,202304,2,20232
2023-04-04,Business Day,2,Tuesday,2023,14,202314,4,202304,2,20232
2023-04-05,Business Day,3,Wednesday,2023,14,202314,4,202304,2,20232
2023-04-06,Business Day,4,Thursday,2023,14,202314,4,202304,2,20232
2023-04-07,Business Day,5,Friday,2023,14,202314,4,202304,2,20232
2023-04-08,Weekend,6,Saturday,2023,14,202314,4,202304,2,20232
2023-04-09,Weekend,7,Sunday,2023,14,202314,4,202304,2,20232
2023-04-10,Business Day,1,Monday,2023,15,202315,4,202304,2,20232
2023-04-11,Business Day,2,Tuesday,2023,15,202315,4,202304,2,20232
2023-04-12,Business Day,3,Wednesday,2023,15,202315,4,202304,2,20232
2023-04-13,Business Day,4,Thursday,2023,15,202315,4,202304,2,20232
2023-04-14,Business Day,5,Friday,2023,15,202315,4,202304,2,20232
2023-04-15,Weekend,6,Saturday,2023,15,202315,4,202304,2,20232
2023-04-16,Weekend,7,Sunday,2023,15,202315,4,202304,2,20232
2023-04-17,Business Day,1,Monday,2023,16,202316,4,202304,2,20232
2023-04-18,Business Day,2,Tuesday,2023,16,202316,4,202304,2,20232
2023-04-19,Business Day,3,Wednesday,2023,16,202316,4,202304,2,20232
2023-04-20,Business Day,4,Thursday,2023,16,202316,4,202304,2,20232
2023-04-21,Business Day,5,Friday,2023,16,202316,4,202304,2,20232
2023-04-22,Weekend,6,Saturday,2023,16,202316,4,202304,2,20232
2023-04-23,Weekend,7,Sunday,2023,16,202316,4,202304,2,20232
2023-04-24,Business Day,1,Monday,2023,17,202317,4,202304,2,20232
2023-04-25,Business Day,2,Tuesday,2023,17,202317,4,202304,2,20232
2023-04-26,Business Day,3,Wednesday,2023,17,202317,4,202304,2,20232
2023-04-27,Business Day,4,Thursday,2023,17,202317,4,202304,2,20232
2023-04-28,Business Day,5,Friday,2023,17,202317,4,202304,2,20232
2023-04-29,Weekend,6,Saturday,2023,17,202317,4,202304,2,20232
2023-04-30,Weekend,7,Sunday,2023,17,202317,4,202304,2,20232
2023-05-01,Business Day,1,Monday,2023,18,202318,5,202305,2,20232
2023-05-02,Business Day,2,Tuesday,2023,18,202318,5,202305,2,20232
2023-05-03,Business Day,3,Wednesday,2023,18,202318,5,202305,2,20232
2023-05-04,Business Day,4,Thursday,2023,18,202318,5,202305,2,20232
2023-05-05,Business Day,5,Friday,2023,18,202318,5,202305,2,20232
2023-05-06,Weekend,6,Saturday,2023,18,202318,5,202305,2,20232
2023-05-07,Weekend,7,Sunday,2023,18,202318,5,202305,2,20232
2023-05-08,Business Day,1,Monday,2023,19,202319,5,202305,2,20232
2023-05-09,Business Day,2,Tuesday,2023,19,202319,5,202305,2,20232
2023-05-10,Business Day,3,Wednesday,2023,19,202319,5,202305,2,20232
2023-05-11,Business Day,4,Thursday,2023,19,202319,5,202305,2,20232
2023-05-12,Business Day,5,Friday,2023,19,202319,5,202305,2,20232
2023-05-13,Weekend,6,Saturday,2023,19,202319,5,202305,2,20232
2023-05-14,Weekend,7,Sunday,2023,19,202319,5,202305,2,20232
2023-05-15,Business Day,1,Monday,2023,20,202320,5,202305,2,20232
2023-05-16,Business Day,2,Tuesday,2023,20,202320,5,202305,2,20232
2023-05-17,Business Day,3,Wednesday,2023,20,202320,5,202305,2,20232
2023-05-18,Business Day,4,Thursday,2023,20,202320,5,202305,2,20232
2023-05-19,Business Day,5,Friday,2023,20,202320,5,202305,2,20232
2023-05-20,Weekend,6,Saturday,2023,20,202320,5,202305,2,20232
2023-05-21,Weekend,7,Sunday,2023,20,202320,5,202305,2,20232
2023-05-22,Business Day,1,Monday,2023,21,202321,5,202305,2,20232
2023-05-23,Business Day,2,Tuesday,2023,21,202321,5,202305,2,20232
2023-05-24,Business Day,3,Wednesday,2023,21,202321,5,202305,2,20232
2023-05-25,Business Day,4,Thursday,2023,21,202321,5,202305,2,20232
2023-05-26,Business Day,5,Friday,2023,21,202321,5,202305,2,20232
2023-05-27,Weekend,6,Saturday,2023,21,202321,5,202305,2,20232
2023-05-28,Weekend,7,Sunday,2023,21,202321,5,202305,2,20232
2023-05-29,Business Day,1,Monday,2023,22,202322,5,202305,2,20232
2023-05-30,Business Day,2,Tuesday,2023,22,202322,5,202305,2,20232
2023-05-31,Business Day,3,Wednesday,2023,22,202322,5,202305,2,20232
2023-06-01,Business Day,4,Thursday,2023,22,202322,6,202306,2,20232
2023-06-02,Business Day,5,Friday,2023,22,202322,6,202306,2,20232
2023-06-03,Weekend,6,Saturday,2023,22,202322,6,202306,2,20232
2023-06-04,Weekend,7,Sunday,2023,22,202322,6,202306,2,20232
2023-06-05,Business Day,1,Monday,2023,23,202323,6,202306,2,20232
2023-06-06,Business Day,2,Tuesday,2023,23,202323,6,202306,2,20232
2023-06-07,Business Day,3,Wednesday,2023,23,202323,6,202306,2,20232
2023-06-08,Business Day,4,Thursday,2023,23,202323,6,202306,2,20232
2023-06-09,Business Day,5,Friday,2023,23,202323,6,202306,2,20232
2023-06-10,Weekend,6,Saturday,2023,23,202323,6,202306,2,20232
2023-06-11,Weekend,7,Sunday,2023,23,202323,6,202306,2,20232
2023-06-12,Business Day,1,Monday,2023,24,202324,6,202306,2,20232
2023-06-13,Business Day,2,Tuesday,2023,24,202324,6,202306,2,20232
2023-06-14,Business Day,3,Wednesday,2023,24,202324,6,202306,2,20232
2023-06-15,Business Day,4,Thursday,2023,24,202324,6,202306,2,20232
2023-06-16,Business Day,5,Friday,2023,24,202324,6,202306,2,20232
2023-06-17,Weekend,6,Saturday,2023,24,202324,6,202306,2,20232
2023-06-18,Weekend,7,Sunday,2023,24,202324,6,202306,2,20232
2023-06-19,Business Day,1,Monday,2023,25,202325,6,202306,2,20232
2023-06-20,Business Day,2,Tuesday,2023,25,202325,6,202306,2,20232
2023-06-21,Business Day,3,Wednesday,2023,25,202325,6,202306,2,20232
2023-06-22,Business Day,4,Thursday,2023,25,202325,6,202306,2,20232
2023-06-23,Business Day,5,Friday,2023,25,202325,6,202306,2,20232
2023-06-24,Weekend,6,Saturday,2023,25,202325,6,202306,2,20232
2023-06-25,Weekend,7,Sunday,2023,25,202325,6,202306,2,20232
2023-06-26,Business Day,1,Monday,2023,26,202326,6,202306,2,20232
2023-06-27,Business Day,2,Tuesday,2023,26,202326,6,202306,2,20232
2023-06-28,Business Day,3,Wednesday,2023,26,202326,6,202306,2,20232
2023-06-29,Business Day,4,Thursday,2023,26,202326,6,202306,2,20232
2023-06-30,Business Day,5,Friday,2023,26,202326,6,202306,2,20232
2023-07-01,Weekend,6,Saturday,2023,26,202326,7,202307,3,20233
2023-07-02,Weekend,7,Sunday,2023,26,202326,7,202307,3,20233
2023-07-03,Business Day,1,Monday,2023,27,202327,7,202307,3,20233
2023-07-04,Business Day,2,Tuesday,2023,27,202327,7,202307,3,20233
2023-07-05,Business Day,3,Wednesday,2023,27,202327,7,202307,3,20233
2023-07-06,Business Day,4,Thursday,2023,27,202327,7,202307,3,20233
2023-07-07,Business Day,5,Friday,2023,27,202327,7,202307,3,20233
2023-07-08,Weekend,6,Saturday,2023,27,202327,7,202307,3,20233
2023-07-09,Weekend,7,Sunday,2023,27,202327,7,202307,3,20233
2023-07-10,Business Day,1,Monday,2023,28,202328,7,202307,3,20233
2023-07-11,Business Day,2,Tuesday,2023,28,202328,7,202307,3,20233
2023-07-12,Business Day,3,Wednesday,2023,28,202328,7,202307,3,20233
2023-07-13,Business Day,4,Thursday,2023,28,202328,7,202307,3,20233
2023-07-14,Business Day,5,Friday,2023,28,202328,7,202307,3,20233
2023-07-15,Weekend,6,Saturday,2023,28,202328,7,202307,3,20233
2023-07-16,Weekend,7,Sunday,2023,28,202328,7,202307,3,20233
2023-07-17,Business Day,1,Monday,2023,29,202329,7,202307,3,20233
2023-07-18,Business Day,2,Tuesday,2023,29,202329,7,202307,3,20233
2023-07-19,Business Day,3,Wednesday,2023,29,202329,7,202307,3,20233
2023-07-20,Business Day,4,Thursday,2023,29,202329,7,202307,3,20233
2023-07-21,Business Day,5,Friday,2023,29,202329,7,202307,3,20233
2023-07-22,Weekend,6,Saturday,2023,29,202329,7,202307,3,20233
2023-07-23,Weekend,7,Sunday,2023,29,202329,7,202307,3,20233
2023-07-24,Business Day,1,Monday,2023,30,202330,7,202307,3,20233
2023-07-25,Business Day,2,Tuesday,2023,30,202330,7,202307,3,20233
2023-07-26,Business Day,3,Wednesday,2023,30,202330,7,202307,3,20233
2023-07-27,Business Day,4,Thursday,2023,30,202330,7,202307,3,20233
2023-07-28,Business Day,5,Friday,2023,30,202330,7,202307,3,20233
2023-07-29,Weekend,6,Saturday,2023,30,202330,7,202307,3,20233
2023-07-30,Weekend,7,Sunday,2023,30,202330,7,202307,3,20233
2023-07-31,Business Day,1,Monday,2023,31,202331,7,202307,3,20233
2023-08-01,Business Day,2,Tuesday,2023,31,202331,8,202308,3,20233
2023-08-02,Business Day,3,Wednesday,2023,31,202331,8,202308,3,20233
2023-08-03,Business Day,4,Thursday,2023,31,202331,8,202308,3,20233
2023-08-04,Business Day,5,Friday,2023,31,202331,8,202308,3,20233
2023-08-05,Weekend,6,Saturday,2023,31,202331,8,202308,3,20233
2023-08-06,Weekend,7,Sunday,2023,31,202331,8,202308,3,20233
2023-08-07,Business Day,1,Monday,2023,32,202332,8,202308,3,20233
2023-08-08,Business Day,2,Tuesday,2023,32,202332,8,202308,3,20233
2023-08-09,Business Day,3,Wednesday,2023,32,202332,8,202308,3,20233
2023-08-10,Business Day,4,Thursday,2023,32,202332,8,202308,3,20233
2023-08-11,Business Day,5,Friday,2023,32,202332,8,202308,3,20233
2023-08-12,Weekend,6,Saturday,2023,32,202332,8,202308,3,20233
2023-08-13,Weekend,7,Sunday,2023,32,202332,8,202308,3,20233
2023-08-14,Business Day,1,Monday,2023,33,202333,8,202308,3,20233
2023-08-15,Business Day,2,Tuesday,2023,33,202333,8,202308,3,20233
2023-08-16,Business Day,3,Wednesday,2023,33,202333,8,202308,3,20233
2023-08-17,Business Day,4,Thursday,2023,33,202333,8,202308,3,20233
2023-08-18,Business Day,5,Friday,2023,33,202333,8,202308,3,20233
2023-08-19,Weekend,6,Saturday,2023,33,202333,8,202308,3,20233
2023-08-20,Weekend,7,Sunday,2023,33,202333,8,202308,3,20233
2023-08-21,Business Day,1,Monday,2023,34,202334,8,202308,3,20233
2023-08-22,Business Day,2,Tuesday,2023,34,202334,8,202308,3,20233
2023-08-23,Business Day,3,Wednesday,2023,34,202334,8,202308,3,20233
2023-08-24,Business Day,4,Thursday,2023,34,202334,8,202308,3,20233
2023-08-25,Business Day,5,Friday,2023,34,202334,8,202308,3,20233
2023-08-26,Weekend,6,Saturday,2023,34,202334,8,202308,3,20233
2023-08-27,Weekend,7,Sunday,2023,34,202334,8,202308,3,20233
2023-08-28,Business Day,1,Monday,2023,35,202335,8,202308,3,20233
2023-08-29,Business Day,2,Tuesday,2023,35,202335,8,202308,3,20233
2023-08-30,Business Day,3,Wednesday,2023,35,202335,8,202308,3,20233
2023-08-31,Business Day,4,Thursday,2023,35,202335,8,202308,3,20233
2023-09-01,Business Day,5,Friday,2023,35,202335,9,202309,3,20233
2023-09-02,Weekend,6,Saturday,2023,35,202335,9,202309,3,20233
2023-09-03,Weekend,7,Sunday,2023,35,202335,9,202309,3,20233
2023-09-04,Business Day,1,Monday,2023,36,202336,9,202309,3,20233
2023-09-05,Business Day,2,Tuesday,2023,36,202336,9,202309,3,20233
2023-09-06,Business Day,3,Wednesday,2023,36,202336,9,202309,3,20233
2023-09-07,Business Day,4,Thursday,2023,36,202336,9,202309,3,20233
2023-09-08,Business Day,5,Friday,2023,36,202336,9,202309,3,20233
2023-09-09,Weekend,6,Saturday,2023,36,202336,9,202309,3,20233
2023-09-10,Weekend,7,Sunday,2023,36,202336,9,202309,3,20233
2023-09-11,Business Day,1,Monday,2023,37,202337,9,202309,3,20233
2023-09-12,Business Day,2,Tuesday,2023,37,202337,9,202309,3,20233
2023-09-13,Business Day,3,Wednesday,2023,37,202337,9,202309,3,20233
2023-09-14,Business Day,4,Thursday,2023,37,202337,9,202309,3,20233
2023-09-15,Business Day,5,Friday,2023,37,202337,9,202309,3,20233
2023-09-16,Weekend,6,Saturday,2023,37,202337,9,202309,3,20233
2023-09-17,Weekend,7,Sunday,2023,37,202337,9,202309,3,20233
2023-09-18,Business Day,1,Monday,2023,38,202338,9,202309,3,20233
2023-09-19,Business Day,2,Tuesday,2023,38,202338,9,202309,3,20233
2023-09-20,Business Day,3,Wednesday,2023,38,202338,9,202309,3,20233
2023-09-21,Business Day,4,Thursday,2023,38,202338,9,202309,3,20233
2023-09-22,Business Day,5,Friday,2023,38,202338,9,202309,3,20233
2023-09-23,Weekend,6,Saturday,2023,38,202338,9,202309,3,20233
2023-09-24,Weekend,7,Sunday,2023,38,202338,9,202309,3,20233
2023-09-25,Business Day,1,Monday,2023,39,202339,9,202309,3,20233
2023-09-26,Business Day,2,Tuesday,2023,39,202339,9,202309,3,20233
2023-09-27,Business Day,3,Wednesday,2023,39,202339,9,202309,3,20233
2023-09-28,Business Day,4,Thursday,2023,39,202339,9,202309,3,20233
2023-09-29,Business Day,5,Friday,2023,39,202339,9,202309,3,20233
2023-09-30,Weekend,6,Saturday,2023,39,202339,9,202309,3,20233
2023-10-01,Weekend,7,Sunday,2023,39,202339,10,202310,4,20234
2023-10-02,Business Day,1,Monday,2023,40,202340,10,202310,4,20234
2023-10-03,Business Day,2,Tuesday,2023,40,202340,10,202310,4,20234
2023-10-04,Business Day,3,Wednesday,2023,40,202340,10,202310,4,20234
2023-10-05,Business Day,4,Thursday,2023,40,202340,10,202310,4,20234
2023-10-06,Business Day,5,Friday,2023,40,202340,10,202310,4,20234
2023-10-07,Weekend,6,Saturday,2023,40,202340,10,202310,4,20234
2023-10-08,Weekend,7,Sunday,2023,40,202340,10,202310,4,20234
2023-10-09,Business Day,1,Monday,2023,41,202341,10,202310,4,20234
2023-10-10,Business Day,2,Tuesday,2023,41,202341,10,202310,4,20234
2023-10-11,Business Day,3,Wednesday,2023,41,202341,10,202310,4,20234
2023-10-12,Business Day,4,Thursday,2023,41,202341,10,202310,4,20234
2023-10-13,Business Day,5,Friday,2023,41,202341,10,202310,4,20234
2023-10-14,Weekend,6,Saturday,2023,41,202341,10,202310,4,20234
2023-10-15,Weekend,7,Sunday,2023,41,202341,10,202310,4,20234
2023-10-16,Business Day,1,Monday,2023,42,202342,10,202310,4,20234
2023-10-17,Business Day,2,Tuesday,2023,42,202342,10,202310,4,20234
2023-10-18,Business Day,3,Wednesday,2023,42,202342,10,202310,4,20234
2023-10-19,Business Day,4,Thursday,2023,42,202342,10,202310,4,20234
2023-10-20,Business Day,5,Friday,2023,42,202342,10,202310,4,20234
2023-10-21,Weekend,6,Saturday,2023,42,202342,10,202310,4,20234
2023-10-22,Weekend,7,Sunday,2023,42,202342,10,202310,4,20234
2023-10-23,Business Day,1,Monday,2023,43,202343,10,202310,4,20234
2023-10-24,Business Day,2,Tuesday,2023,43,202343,10,202310,4,20234
2023-10-25,Business Day,3,Wednesday,2023,43,202343,10,202310,4,20234
2023-10-26,Business Day,4,Thursday,2023,43,202343,10,202310,4,20234
2023-10-27,Business Day,5,Friday,2023,43,202343,10,202310,4,20234
2023-10-28,Weekend,6,Saturday,2023,43,202343,10,202310,4,20234
2023-10-29,Weekend,7,Sunday,2023,43,202343,10,202310,4,20234
2023-10-30,Business Day,1,Monday,2023,44,202344,10,202310,4,20234
2023-10-31,Business Day,2,Tuesday,2023,44,202344,10,202310,4,20234
2023-11-01,Business Day,3,Wednesday,2023,44,202344,11,202311,4,20234
2023-11-02,Business Day,4,Thursday,2023,44,202344,11,202311,4,20234
2023-11-03,Business Day,5,Friday,2023,44,202344,11,202311,4,20234
2023-11-04,Weekend,6,Saturday,2023,44,202344,11,202311,4,20234
2023-11-05,Weekend,7,Sunday,2023,44,202344,11,202311,4,20234
2023-11-06,Business Day,1,Monday,2023,45,202345,11,202311,4,20234
2023-11-07,Business Day,2,Tuesday,2023,45,202345,11,202311,4,20234
2023-11-08,Business Day,3,Wednesday,2023,45,202345,11,202311,4,20234
2023-11-09,Business Day,4,Thursday,2023,45,202345,11,202311,4,20234
2023-11-10,Business Day,5,Friday,2023,45,202345,11,202311,4,20234
2023-11-11,Weekend,6,Saturday,2023,45,202345,11,202311,4,20234
2023-11-12,Weekend,7,Sunday,2023,45,202345,11,202311,4,20234
2023-11-13,Business Day,1,Monday,2023,46,202346,11,202311,4,20234
2023-11-14,Business Day,2,Tuesday,2023,46,202346,11,202311,4,20234
2023-11-15,Business Day,3,Wednesday,2023,46,202346,11,202311,4,20234
2023-11-16,Business Day,4,Thursday,2023,46,202346,11,202311,4,20234
2023-11-17,Business Day,5,Friday,2023,46,202346,11,202311,4,20234
2023-11-18,Weekend,6,Saturday,2023,46,202346,11,202311,4,20234
2023-11-19,Weekend,7,Sunday,2023,46,202346,11,202311,4,20234
2023-11-20,Business Day,1,Monday,2023,47,202347,11,202311,4,20234
2023-11-21,Business Day,2,Tuesday,2023,47,202347,11,202311,4,20234
2023-11-22,Business Day,3,Wednesday,2023,47,202347,11,202311,4,20234
2023-11-23,Business Day,4,Thursday,2023,47,202347,11,202311,4,20234
2023-11-24,Business Day,5,Friday,2023,47,202347,11,202311,4,20234
2023-11-25,Weekend,6,Saturday,2023,47,202347,11,202311,4,20234
2023-11-26,Weekend,7,Sunday,2023,47,202347,11,202311,4,20234
2023-11-27,Business Day,1,Monday,2023,48,202348,11,202311,4,20234
2023-11-28,Business Day,2,Tuesday,2023,48,202348,11,202311,4,20234
2023-11-29,Business Day,3,Wednesday,2023,48,202348,11,202311,4,20234
2023-11-30,Business Day,4,Thursday,2023,48,202348,11,202311,4,20234
2023-12-01,Business Day,5,Friday,2023,48,202348,12,202312,4,20234
2023-12-02,Weekend,6,Saturday,2023,48,202348,12,202312,4,20234
2023-12-03,Weekend,7,Sunday,2023,48,202348,12,202312,4,20234
2023-12-04,Business Day,1,Monday,2023,49,202349,12,202312,4,20234
2023-12-05,Business Day,2,Tuesday,2023,49,202349,12,202312,4,20234
2023-12-06,Business Day,3,Wednesday,2023,49,202349,12,202312,4,20234
2023-12-07,Business Day,4,Thursday,2023,49,202349,12,202312,4,20234
2023-12-08,Business Day,5,Friday,2023,49,202349,12,202312,4,20234
2023-12-09,Weekend,6,Saturday,2023,49,202349,12,202312,4,20234
2023-12-10,Weekend,7,Sunday,2023,49,202349,12,202312,4,20234
2023-12-11,Business Day,1,Monday,2023,50,202350,12,202312,4,20234
2023-12-12,Business Day,2,Tuesday,2023,50,202350,12,202312,4,20234
2023-12-13,Business Day,3,Wednesday,2023,50,202350,12,202312,4,20234
2023-12-14,Business Day,4,Thursday,2023,50,202350,12,202312,4,20234
2023-12-15,Business Day,5,Friday,2023,50,202350,12,202312,4,20234
2023-12-16,Weekend,6,Saturday,2023,50,202350,12,202312,4,20234
2023-12-17,Weekend,7,Sunday,2023,50,202350,12,202312,4,20234
2023-12-18,Business Day,1,Monday,2023,51,202351,12,202312,4,20234
2023-12-19,Business Day,2,Tuesday,2023,51,202351,12,202312,4,20234
2023-12-20,Business Day,3,Wednesday,2023,51,202351,12,202312,4,20234
2023-12-21,Business Day,4,Thursday,2023,51,202351,12,202312,4,20234
2023-12-22,Business Day,5,Friday,2023,51,202351,12,202312,4,20234
2023-12-23,Weekend,6,Saturday,2023,51,202351,12,202312,4,20234
2023-12-24,Weekend,7,Sunday,2023,51,202351,12,202312,4,20234
2023-12-25,Business Day,1,Monday,2023,52,202352,12,202312,4,20234
2023-12-26,Business Day,2,Tuesday,2023,52,202352,12,202312,4,20234
2023-12-27,Business Day,3,Wednesday,2023,52,202352,12,202312,4,20234
2023-12-28,Business Day,4,Thursday,2023,52,202352,12,202312,4,20234
2023-12-29,Business Day,5,Friday,2023,52,202352,12,202312,4,20234
2023-12-30,Weekend,6,Saturday,2023,52,202352,12,202312,4,20234
2023-12-31,Weekend,7,Sunday,2023,52,202352,12,202312,4,20234
2024-01-01,Business Day,1,Monday,2024,1,202401,1,202401,1,20241
2024-01-02,Business Day,2,Tuesday,2024,1,202401,1,202401,1,20241
2024-01-03,Business Day,3,Wednesday,2024,1,202401,1,202401,1,20241
2024-01-04,Business Day,4,Thursday,2024,1,202401,1,202401,1,20241
2024-01-05,Business Day,5,Friday,2024,1,202401,1,202401,1,20241
2024-01-06,Weekend,6,Saturday,2024,1,202401,1,202401,1,20241
2024-01-07,Weekend,7,Sunday,2024,1,202401,1,202401,1,20241
2024-01-08,Business Day,1,Monday,2024,2,202402,1,202401,1,20241
2024-01-09,Business Day,2,Tuesday,2024,2,202402,1,202401,1,20241
2024-01-10,Business Day,3,Wednesday,2024,2,202402,1,202401,1,20241
2024-01-11,Business Day,4,Thursday,2024,2,202402,1,202401,1,20241
2024-01-12,Business Day,5,Friday,2024,2,202402,1,202401,1,20241
2024-01-13,Weekend,6,Saturday,2024,2,202402,1,202401,1,20241
2024-01-14,Weekend,7,Sunday,2024,2,202402,1,202401,1,20241
2024-01-15,Business Day,1,Monday,2024,3,202403,1,202401,1,20241
2024-01-16,Business Day,2,Tuesday,2024,3,202403,1,202401,1,20241
2024-01-17,Business Day,3,Wednesday,2024,3,202403,1,202401,1,20241
2024-01-18,Business Day,4,Thursday,2024,3,202403,1,202401,1,20241
2024-01-19,Business Day,5,Friday,2024,3,202403,1,202401,1,20241
2024-01-20,Weekend,6,Saturday,2024,3,202403,1,202401,1,20241
2024-01-21,Weekend,7,Sunday,2024,3,202403,1,202401,1,20241
2024-01-22,Business Day,1,Monday,2024,4,202404,1,202401,1,20241
2024-01-23,Business Day,2,Tuesday,2024,4,202404,1,202401,1,20241
2024-01-24,Business Day,3,Wednesday,2024,4,202404,1,202401,1,20241
2024-01-25,Business Day,4,Thursday,2024,4,202404,1,202401,1,20241
2024-01-26,Business Day,5,Friday,2024,4,202404,1,202401,1,20241
2024-01-27,Weekend,6,Saturday,2024,4,202404,1,202401,1,20241
2024-01-28,Weekend,7,Sunday,2024,4,202404,1,202401,1,20241
2024-01-29,Business Day,1,Monday,2024,5,202405,1,202401,1,20241
2024-01-30,Business Day,2,Tuesday,2024,5,202405,1,202401,1,20241
2024-01-31,Business Day,3,Wednesday,2024,5,202405,1,202401,1,20241
2024-02-01,Business Day,4,Thursday,2024,5,202405,2,202402,1,20241
2024-02-02,Business Day,5,Friday,2024,5,202405,2,202402,1,20241
2024-02-03,Weekend,6,Saturday,2024,5,202405,2,202402,1,20241
2024-02-04,Weekend,7,Sunday,2024,5,202405,2,202402,1,20241
2024-02-05,Business Day,1,Monday,2024,6,202406,2,202402,1,20241
2024-02-06,Business Day,2,Tuesday,2024,6,202406,2,202402,1,20241
2024-02-07,Business Day,3,Wednesday,2024,6,202406,2,202402,1,20241
2024-02-08,Business Day,4,Thursday,2024,6,202406,2,202402,1,20241
2024-02-09,Business Day,5,Friday,2024,6,202406,2,202402,1,20241
2024-02-10,Weekend,6,Saturday,2024,6,202406,2,202402,1,20241
2024-02-11,Weekend,7,Sunday,2024,6,202406,2,202402,1,20241
2024-02-12,Business Day,1,Monday,2024,7,202407,2,202402,1,20241
2024-02-13,Business Day,2,Tuesday,2024,7,202407,2,202402,1,20241
2024-02-14,Business Day,3,Wednesday,2024,7,202407,2,202402,1,20241
2024-02-15,Business Day,4,Thursday,2024,7,202407,2,202402,1,20241
2024-02-16,Business Day,5,Friday,2024,7,202407,2,202402,1,20241
2024-02-17,Weekend,6,Saturday,2024,7,202407,2,202402,1,20241
2024-02-18,Weekend,7,Sunday,2024,7,202407,2,202402,1,20241
2024-02-19,Business Day,1,Monday,2024,8,202408,2,202402,1,20241
2024-02-20,Business Day,2,Tuesday,2024,8,202408,2,202402,1,20241
2024-02-21,Business Day,3,Wednesday,2024,8,202408,2,202402,1,20241
2024-02-22,Business Day,4,Thursday,2024,8,202408,2,202402,1,20241
2024-02-23,Business Day,5,Friday,2024,8,202408,2,202402,1,20241
2024-02-24,Weekend,6,Saturday,2024,8,202408,2,202402,1,20241
2024-02-25,Weekend,7,Sunday,2024,8,202408,2,202402,1,20241
2024-02-26,Business Day,1,Monday,2024,9,202409,2,202402,1,20241
2024-02-27,Business Day,2,Tuesday,2024,9,202409,2,202402,1,20241
2024-02-28,Business Day,3,Wednesday,2024,9,202409,2,202402,1,20241
2024-02-29,Business Day,4,Thursday,2024,9,202409,2,202402,1,20241
2024-03-01,Business Day,5,Friday,2024,9,202409,3,202403,1,20241
2024-03-02,Weekend,6,Saturday,2024,9,202409,3,202403,1,20241
2024-03-03,Weekend,7,Sunday,2024,9,202409,3,202403,1,20241
2024-03-04,Business Day,1,Monday,2024,10,202410,3,202403,1,20241
2024-03-05,Business Day,2,Tuesday,2024,10,202410,3,202403,1,20241
2024-03-06,Business Day,3,Wednesday,2024,10,202410,3,202403,1,20241
2024-03-07,Business Day,4,Thursday,2024,10,202410,3,202403,1,20241
2024-03-08,Business Day,5,Friday,2024,10,202410,3,202403,1,20241
2024-03-09,Weekend,6,Saturday,2024,10,202410,3,202403,1,20241
2024-03-10,Weekend,7,Sunday,2024,10,202410,3,202403,1,20241
2024-03-11,Business Day,1,Monday,2024,11,202411,3,202403,1,20241
2024-03-12,Business Day,2,Tuesday,2024,11,202411,3,202403,1,20241
2024-03-13,Business Day,3,Wednesday,2024,11,202411,3,202403,1,20241
2024-03-14,Business Day,4,Thursday,2024,11,202411,3,202403,1,20241
2024-03-15,Business Day,5,Friday,2024,11,202411,3,202403,1,20241
2024-03-16,Weekend,6,Saturday,2024,11,202411,3,202403,1,20241
2024-03-17,Weekend,7,Sunday,2024,11,202411,3,202403,1,20241
2024-03-18,Business Day,1,Monday,2024,12,202412,3,202403,1,20241
2024-03-19,Business Day,2,Tuesday,2024,12,202412,3,202403,1,20241
2024-03-20,Business Day,3,Wednesday,2024,12,202412,3,202403,1,20241
2024-03-21,Business Day,4,Thursday,2024,12,202412,3,202403,1,20241
2024-03-22,Business Day,5,Friday,2024,12,202412,3,202403,1,20241
2024-03-23,Weekend,6,Saturday,2024,12,202412,3,202403,1,20241
2024-03-24,Weekend,7,Sunday,2024,12,202412,3,202403,1,20241
2024-03-25,Business Day,1,Monday,2024,13,202413,3,202403,1,20241
2024-03-26,Business Day,2,Tuesday,2024,13,202413,3,202403,1,20241
2024-03-27,Business Day,3,Wednesday,2024,13,202413,3,202403,1,20241
2024-03-28,Business Day,4,Thursday,2024,13,202413,3,202403,1,20241
2024-03-29,Business Day,5,Friday,2024,13,202413,3,202403,1,20241
2024-03-30,Weekend,6,Saturday,2024,13,202413,3,202403,1,20241
2024-03-31,Weekend,7,Sunday,2024,13,202413,3,202403,1,20241
2024-04-01,Business Day,1,Monday,2024,14,202414,4,202404,2,20242
2024-04-02,Business Day,2,Tuesday,2024,14,202414,4,202404,2,20242
2024-04-03,Business Day,3,Wednesday,2024,14,202414,4,202404,2,20242
2024-04-04,Business Day,4,Thursday,2024,14,202414,4,202404,2,20242
2024-04-05,Business Day,5,Friday,2024,14,202414,4,202404,2,20242
2024-04-06,Weekend,6,Saturday,2024,14,202414,4,202404,2,20242
2024-04-07,Weekend,7,Sunday,2024,14,202414,4,202404,2,20242
2024-04-08,Business Day,1,Monday,2024,15,202415,4,202404,2,20242
2024-04-09,Business Day,2,Tuesday,2024,15,202415,4,202404,2,20242
2024-04-10,Business Day,3,Wednesday,2024,15,202415,4,202404,2,20242
2024-04-11,Business Day,4,Thursday,2024,15,202415,4,202404,2,20242
2024-04-12,Business Day,5,Friday,2024,15,202415,4,202404,2,20242
2024-04-13,Weekend,6,Saturday,2024,15,202415,4,202404,2,20242
2024-04-14,Weekend,7,Sunday,2024,15,202415,4,202404,2,20242
2024-04-15,Business Day,1,Monday,2024,16,202416,4,202404,2,20242
2024-04-16,Business Day,2,Tuesday,2024,16,202416,4,202404,2,20242
2024-04-17,Business Day,3,Wednesday,2024,16,202416,4,202404,2,20242
2024-04-18,Business Day,4,Thursday,2024,16,202416,4,202404,2,20242
2024-04-19,Business Day,5,Friday,2024,16,202416,4,202404,2,20242
2024-04-20,Weekend,6,Saturday,2024,16,202416,4,202404,2,20242
2024-04-21,Weekend,7,Sunday,2024,16,202416,4,202404,2,20242
2024-04-22,Business Day,1,Monday,2024,17,202417,4,202404,2,20242
2024-04-23,Business Day,2,Tuesday,2024,17,202417,4,202404,2,20242
2024-04-24,Business Day,3,Wednesday,2024,17,202417,4,202404,2,20242
2024-04-25,Business Day,4,Thursday,2024,17,202417,4,202404,2,20242
2024-04-26,Business Day,5,Friday,2024,17,202417,4,202404,2,20242
2024-04-27,Weekend,6,Saturday,2024,17,202417,4,202404,2,20242
2024-04-28,Weekend,7,Sunday,2024,17,202417,4,202404,2,20242
2024-04-29,Business Day,1,Monday,2024,18,202418,4,202404,2,20242
2024-04-30,Business Day,2,Tuesday,2024,18,202418,4,202404,2,20242
2024-05-01,Business Day,3,Wednesday,2024,18,202418,5,202405,2,20242
2024-05-02,Business Day,4,Thursday,2024,18,202418,5,202405,2,20242
2024-05-03,Business Day,5,Friday,2024,18,202418,5,202405,2,20242
2024-05-04,Weekend,6,Saturday,2024,18,202418,5,202405,2,20242
2024-05-05,Weekend,7,Sunday,2024,18,202418,5,202405,2,20242
2024-05-06,Business Day,1,Monday,2024,19,202419,5,202405,2,20242
2024-05-07,Business Day,2,Tuesday,2024,19,202419,5,202405,2,20242
2024-05-08,Business Day,3,Wednesday,2024,19,202419,5,202405,2,20242
2024-05-09,Business Day,4,Thursday,2024,19,202419,5,202405,2,20242
2024-05-10,Business Day,5,Friday,2024,19,202419,5,202405,2,20242
2024-05-11,Weekend,6,Saturday,2024,19,202419,5,202405,2,20242
2024-05-12,Weekend,7,Sunday,2024,19,202419,5,202405,2,20242
2024-05-13,Business Day,1,Monday,2024,20,202420,5,202405,2,20242
2024-05-14,Business Day,2,Tuesday,2024,20,202420,5,202405,2,20242
2024-05-15,Business Day,3,Wednesday,2024,20,202420,5,202405,2,20242
2024-05-16,Business Day,4,Thursday,2024,20,202420,5,202405,2,20242
2024-05-17,Business Day,5,Friday,2024,20,202420,5,202405,2,20242
2024-05-18,Weekend,6,Saturday,2024,20,202420,5,202405,2,20242
2024-05-19,Weekend,7,Sunday,2024,20,202420,5,202405,2,20242
2024-05-20,Business Day,1,Monday,2024,21,202421,5,202405,2,20242
2024-05-21,Business Day,2,Tuesday,2024,21,202421,5,202405,2,20242
2024-05-22,Business Day,3,Wednesday,2024,21,202421,5,202405,2,20242
2024-05-23,Business Day,4,Thursday,2024,21,202421,5,202405,2,20242
2024-05-24,Business Day,5,Friday,2024,21,202421,5,202405,2,20242
2024-05-25,Weekend,6,Saturday,2024,21,202421,5,202405,2,20242
2024-05-26,Weekend,7,Sunday,2024,21,202421,5,202405,2,20242
2024-05-27,Business Day,1,Monday,2024,22,202422,5,202405,2,20242
2024-05-28,Business Day,2,Tuesday,2024,22,202422,5,202405,2,20242
2024-05-29,Business Day,3,Wednesday,2024,22,202422,5,202405,2,20242
2024-05-30,Business Day,4,Thursday,2024,22,202422,5,202405,2,20242
2024-05-31,Business Day,5,Friday,2024,22,202422,5,202405,2,20242
2024-06-01,Weekend,6,Saturday,2024,22,202422,6,202406,2,20242
2024-06-02,Weekend,7,Sunday,2024,22,202422,6,202406,2,20242
2024-06-03,Business Day,1,Monday,2024,23,202423,6,202406,2,20242
2024-06-04,Business Day,2,Tuesday,2024,23,202423,6,202406,2,20242
2024-06-05,Business Day,3,Wednesday,2024,23,202423,6,202406,2,20242
2024-06-06,Business Day,4,Thursday,2024,23,202423,6,202406,2,20242
2024-06-07,Business Day,5,Friday,2024,23,202423,6,202406,2,20242
2024-06-08,Weekend,6,Saturday,2024,23,202423,6,202406,2,20242
2024-06-09,Weekend,7,Sunday,2024,23,202423,6,202406,2,20242
2024-06-10,Business Day,1,Monday,2024,24,202424,6,202406,2,20242
2024-06-11,Business Day,2,Tuesday,2024,24,202424,6,202406,2,20242
2024-06-12,Business Day,3,Wednesday,2024,24,202424,6,202406,2,20242
2024-06-13,Business Day,4,Thursday,2024,24,202424,6,202406,2,20242
2024-06-14,Business Day,5,Friday,2024,24,202424,6,202406,2,20242
2024-06-15,Weekend,6,Saturday,2024,24,202424,6,202406,2,20242
2024-06-16,Weekend,7,Sunday,2024,24,202424,6,202406,2,20242
2024-06-17,Business Day,1,Monday,2024,25,202425,6,202406,2,20242
2024-06-18,Business Day,2,Tuesday,2024,25,202425,6,202406,2,20242
2024-06-19,Business Day,3,Wednesday,2024,25,202425,6,202406,2,20242
2024-06-20,Business Day,4,Thursday,2024,25,202425,6,202406,2,20242
2024-06-21,Business Day,5,Friday,2024,25,202425,6,202406,2,20242
2024-06-22,Weekend,6,Saturday,2024,25,202425,6,202406,2,20242
2024-06-23,Weekend,7,Sunday,2024,25,202425,6,202406,2,20242
2024-06-24,Business Day,1,Monday,2024,26,202426,6,202406,2,20242
2024-06-25,Business Day,2,Tuesday,2024,26,202426,6,202406,2,20242
2024-06-26,Business Day,3,Wednesday,2024,26,202426,6,202406,2,20242
2024-06-27,Business Day,4,Thursday,2024,26,202426,6,202406,2,20242
2024-06-28,Business Day,5,Friday,2024,26,202426,6,202406,2,20242
2024-06-29,Weekend,6,Saturday,2024,26,202426,6,202406,2,20242
2024-06-30,Weekend,7,Sunday,2024,26,202426,6,202406,2,20242
2024-07-01,Business Day,1,Monday,2024,27,202427,7,202407,3,20243
2024-07-02,Business Day,2,Tuesday,2024,27,202427,7,202407,3,20243
2024-07-03,Business Day,3,Wednesday,2024,27,202427,7,202407,3,20243
2024-07-04,Business Day,4,Thursday,2024,27,202427,7,202407,3,20243
2024-07-05,Business Day,5,Friday,2024,27,202427,7,202407,3,20243
2024-07-06,Weekend,6,Saturday,2024,27,202427,7,202407,3,20243
2024-07-07,Weekend,7,Sunday,2024,27,202427,7,202407,3,20243
2024-07-08,Business Day,1,Monday,2024,28,202428,7,202407,3,20243
2024-07-09,Business Day,2,Tuesday,2024,28,202428,7,202407,3,20243
2024-07-10,Business Day,3,Wednesday,2024,28,202428,7,202407,3,20243
2024-07-11,Business Day,4,Thursday,2024,28,202428,7,202407,3,20243
2024-07-12,Business Day,5,Friday,2024,28,202428,7,202407,3,20243
2024-07-13,Weekend,6,Saturday,2024,28,202428,7,202407,3,20243
2024-07-14,Weekend,7,Sunday,2024,28,202428,7,202407,3,20243
2024-07-15,Business Day,1,Monday,2024,29,202429,7,202407,3,20243
2024-07-16,Business Day,2,Tuesday,2024,29,202429,7,202407,3,20243
2024-07-17,Business Day,3,Wednesday,2024,29,202429,7,202407,3,20243
2024-07-18,Business Day,4,Thursday,2024,29,202429,7,202407,3,20243
2024-07-19,Business Day,5,Friday,2024,29,202429,7,202407,3,20243
2024-07-20,Weekend,6,Saturday,2024,29,202429,7,202407,3,20243
2024-07-21,Weekend,7,Sunday,2024,29,202429,7,202407,3,20243
2024-07-22,Business Day,1,Monday,2024,30,202430,7,202407,3,20243
2024-07-23,Business Day,2,Tuesday,2024,30,202430,7,202407,3,20243
2024-07-24,Business Day,3,Wednesday,2024,30,202430,7,202407,3,20243
2024-07-25,Business Day,4,Thursday,2024,30,202430,7,202407,3,20243
2024-07-26,Business Day,5,Friday,2024,30,202430,7,202407,3,20243
2024-07-27,Weekend,6,Saturday,2024,30,202430,7,202407,3,20243
2024-07-28,Weekend,7,Sunday,2024,30,202430,7,202407,3,20243
2024-07-29,Business Day,1,Monday,2024,31,202431,7,202407,3,20243
2024-07-30,Business Day,2,Tuesday,2024,31,202431,7,202407,3,20243
2024-07-31,Business Day,3,Wednesday,2024,31,202431,7,202407,3,20243
2024-08-01,Business Day,4,Thursday,2024,31,202431,8,202408,3,20243
2024-08-02,Business Day,5,Friday,2024,31,202431,8,202408,3,20243
2024-08-03,Weekend,6,Saturday,2024,31,202431,8,202408,3,20243
2024-08-04,Weekend,7,Sunday,2024,31,202431,8,202408,3,20243
2024-08-05,Business Day,1,Monday,2024,32,202432,8,202408,3,20243
2024-08-06,Business Day,2,Tuesday,2024,32,202432,8,202408,3,20243
2024-08-07,Business Day,3,Wednesday,2024,32,202432,8,202408,3,20243
2024-08-08,Business Day,4,Thursday,2024,32,202432,8,202408,3,20243
2024-08-09,Business Day,5,Friday,2024,32,202432,8,202408,3,20243
2024-08-10,Weekend,6,Saturday,2024,32,202432,8,202408,3,20243
2024-08-11,Weekend,7,Sunday,2024,32,202432,8,202408,3,20243
2024-08-12,Business Day,1,Monday,2024,33,202433,8,202408,3,20243
2024-08-13,Business Day,2,Tuesday,2024,33,202433,8,202408,3,20243
2024-08-14,Business Day,3,Wednesday,2024,33,202433,8,202408,3,20243
2024-08-15,Business Day,4,Thursday,2024,33,202433,8,202408,3,20243
2024-08-16,Business Day,5,Friday,2024,33,202433,8,202408,3,20243
2024-08-17,Weekend,6,Saturday,2024,33,202433,8,202408,3,20243
2024-08-18,Weekend,7,Sunday,2024,33,202433,8,202408,3,20243
2024-08-19,Business Day,1,Monday,2024,34,202434,8,202408,3,20243
2024-08-20,Business Day,2,Tuesday,2024,34,202434,8,202408,3,20243
2024-08-21,Business Day,3,Wednesday,2024,34,202434,8,202408,3,20243
2024-08-22,Business Day,4,Thursday,2024,34,202434,8,202408,3,20243
2024-08-23,Business Day,5,Friday,2024,34,202434,8,202408,3,20243
2024-08-24,Weekend,6,Saturday,2024,34,202434,8,202408,3,20243
2024-08-25,Weekend,7,Sunday,2024,34,202434,8,202408,3,20243
2024-08-26,Business Day,1,Monday,2024,35,202435,8,202408,3,20243
2024-08-27,Business Day,2,Tuesday,2024,35,202435,8,202408,3,20243
2024-08-28,Business Day,3,Wednesday,2024,35,202435,8,202408,3,20243
2024-08-29,Business Day,4,Thursday,2024,35,202435,8,202408,3,20243
2024-08-30,Business Day,5,Friday,2024,35,202435,8,202408,3,20243
2024-08-31,Weekend,6,Saturday,2024,35,202435,8,202408,3,20243
2024-09-01,Weekend,7,Sunday,2024,35,202435,9,202409,3,20243
2024-09-02,Business Day,1,Monday,2024,36,202436,9,202409,3,20243
2024-09-03,Business Day,2,Tuesday,2024,36,202436,9,202409,3,20243
2024-09-04,Business Day,3,Wednesday,2024,36,202436,9,202409,3,20243
2024-09-05,Business Day,4,Thursday,2024,36,202436,9,202409,3,20243
2024-09-06,Business Day,5,Friday,2024,36,202436,9,202409,3,20243
2024-09-07,Weekend,6,Saturday,2024,36,202436,9,202409,3,20243
2024-09-08,Weekend,7,Sunday,2024,36,202436,9,202409,3,20243
2024-09-09,Business Day,1,Monday,2024,37,202437,9,202409,3,20243
2024-09-10,Business Day,2,Tuesday,2024,37,202437,9,202409,3,20243
2024-09-11,Business Day,3,Wednesday,2024,37,202437,9,202409,3,20243
2024-09-12,Business Day,4,Thursday,2024,37,202437,9,202409,3,20243
2024-09-13,Business Day,5,Friday,2024,37,202437,9,202409,3,20243
2024-09-14,Weekend,6,Saturday,2024,37,202437,9,202409,3,20243
2024-09-15,Weekend,7,Sunday,2024,37,202437,9,202409,3,20243
2024-09-16,Business Day,1,Monday,2024,38,202438,9,202409,3,20243
2024-09-17,Business Day,2,Tuesday,2024,38,202438,9,202409,3,20243
2024-09-18,Business Day,3,Wednesday,2024,38,202438,9,202409,3,20243
2024-09-19,Business Day,4,Thursday,2024,38,202438,9,202409,3,20243
2024-09-20,Business Day,5,Friday,2024,38,202438,9,202409,3,20243
2024-09-21,Weekend,6,Saturday,2024,38,202438,9,202409,3,20243
2024-09-22,Weekend,7,Sunday,2024,38,202438,9,202409,3,20243
2024-09-23,Business Day,1,Monday,2024,39,202439,9,202409,3,20243
2024-09-24,Business Day,2,Tuesday,2024,39,202439,9,202409,3,20243
2024-09-25,Business Day,3,Wednesday,2024,39,202439,9,202409,3,20243
2024-09-26,Business Day,4,Thursday,2024,39,202439,9,202409,3,20243
2024-09-27,Business Day,5,Friday,2024,39,202439,9,202409,3,20243
2024-09-28,Weekend,6,Saturday,2024,39,202439,9,202409,3,20243
2024-09-29,Weekend,7,Sunday,2024,39,202439,9,202409,3,20243
2024-09-30,Business Day,1,Monday,2024,40,202440,9,202409,3,20243
2024-10-01,Business Day,2,Tuesday,2024,40,202440,10,202410,4,20244
2024-10-02,Business Day,3,Wednesday,2024,40,202440,10,202410,4,20244
2024-10-03,Business Day,4,Thursday,2024,40,202440,10,202410,4,20244
2024-10-04,Business Day,5,Friday,2024,40,202440,10,202410,4,20244
2024-10-05,Weekend,6,Saturday,2024,40,202440,10,202410,4,20244
2024-10-06,Weekend,7,Sunday,2024,40,202440,10,202410,4,20244
2024-10-07,Business Day,1,Monday,2024,41,202441,10,202410,4,20244
2024-10-08,Business Day,2,Tuesday,2024,41,202441,10,202410,4,20244
2024-10-09,Business Day,3,Wednesday,2024,41,202441,10,202410,4,20244
2024-10-10,Business Day,4,Thursday,2024,41,202441,10,202410,4,20244
2024-10-11,Business Day,5,Friday,2024,41,202441,10,202410,4,20244
2024-10-12,Weekend,6,Saturday,2024,41,202441,10,202410,4,20244
2024-10-13,Weekend,7,Sunday,2024,41,202441,10,202410,4,20244
2024-10-14,Business Day,1,Monday,2024,42,202442,10,202410,4,20244
2024-10-15,Business Day,2,Tuesday,2024,42,202442,10,202410,4,20244
2024-10-16,Business Day,3,Wednesday,2024,42,202442,10,202410,4,20244
2024-10-17,Business Day,4,Thursday,2024,42,202442,10,202410,4,20244
2024-10-18,Business Day,5,Friday,2024,42,202442,10,202410,4,20244
2024-10-19,Weekend,6,Saturday,2024,42,202442,10,202410,4,20244
2024-10-20,Weekend,7,Sunday,2024,42,202442,10,202410,4,20244
2024-10-21,Business Day,1,Monday,2024,43,202443,10,202410,4,20244
2024-10-22,Business Day,2,Tuesday,2024,43,202443,10,202410,4,20244
2024-10-23,Business Day,3,Wednesday,2024,43,202443,10,202410,4,20244
2024-10-24,Business Day,4,Thursday,2024,43,202443,10,202410,4,20244
2024-10-25,Business Day,5,Friday,2024,43,202443,10,202410,4,20244
2024-10-26,Weekend,6,Saturday,2024,43,202443,10,202410,4,20244
2024-10-27,Weekend,7,Sunday,2024,43,202443,10,202410,4,20244
2024-10-28,Business Day,1,Monday,2024,44,202444,10,202410,4,20244
2024-10-29,Business Day,2,Tuesday,2024,44,202444,10,202410,4,20244
2024-10-30,Business Day,3,Wednesday,2024,44,202444,10,202410,4,20244
2024-10-31,Business Day,4,Thursday,2024,44,202444,10,202410,4,20244
2024-11-01,Business Day,5,Friday,2024,44,202444,11,202411,4,20244
2024-11-02,Weekend,6,Saturday,2024,44,202444,11,202411,4,20244
2024-11-03,Weekend,7,Sunday,2024,44,202444,11,202411,4,20244
2024-11-04,Business Day,1,Monday,2024,45,202445,11,202411,4,20244
2024-11-05,Business Day,2,Tuesday,2024,45,202445,11,202411,4,20244
2024-11-06,Business Day,3,Wednesday,2024,45,202445,11,202411,4,20244
2024-11-07,Business Day,4,Thursday,2024,45,202445,11,202411,4,20244
2024-11-08,Business Day,5,Friday,2024,45,202445,11,202411,4,20244
2024-11-09,Weekend,6,Saturday,2024,45,202445,11,202411,4,20244
2024-11-10,Weekend,7,Sunday,2024,45,202445,11,202411,4,20244
2024-11-11,Business Day,1,Monday,2024,46,202446,11,202411,4,20244
2024-11-12,Business Day,2,Tuesday,2024,46,202446,11,202411,4,20244
2024-11-13,Business Day,3,Wednesday,2024,46,202446,11,202411,4,20244
2024-11-14,Business Day,4,Thursday,2024,46,202446,11,202411,4,20244
2024-11-15,Business Day,5,Friday,2024,46,202446,11,202411,4,20244
2024-11-16,Weekend,6,Saturday,2024,46,202446,11,202411,4,20244
2024-11-17,Weekend,7,Sunday,2024,46,202446,11,202411,4,20244
2024-11-18,Business Day,1,Monday,2024,47,202447,11,202411,4,20244
2024-11-19,Business Day,2,Tuesday,2024,47,202447,11,202411,4,20244
2024-11-20,Business Day,3,Wednesday,2024,47,202447,11,202411,4,20244
2024-11-21,Business Day,4,Thursday,2024,47,202447,11,202411,4,20244
2024-11-22,Business Day,5,Friday,2024,47,202447,11,202411,4,20244
2024-11-23,Weekend,6,Saturday,2024,47,202447,11,202411,4,20244
2024-11-24,Weekend,7,Sunday,2024,47,202447,11,202411,4,20244
2024-11-25,Business Day,1,Monday,2024,48,202448,11,202411,4,20244
2024-11-26,Business Day,2,Tuesday,2024,48,202448,11,202411,4,20244
2024-11-27,Business Day,3,Wednesday,2024,48,202448,11,202411,4,20244
2024-11-28,Business Day,4,Thursday,2024,48,202448,11,202411,4,20244
2024-11-29,Business Day,5,Friday,2024,48,202448,11,202411,4,20244
2024-11-30,Weekend,6,Saturday,2024,48,202448,11,202411,4,20244
2024-12-01,Weekend,7,Sunday,2024,48,202448,12,202412,4,20244
2024-12-02,Business Day,1,Monday,2024,49,202449,12,202412,4,20244
2024-12-03,Business Day,2,Tuesday,2024,49,202449,12,202412,4,20244
2024-12-04,Business Day,3,Wednesday,2024,49,202449,12,202412,4,20244
2024-12-05,Business Day,4,Thursday,2024,49,202449,12,202412,4,20244
2024-12-06,Business Day,5,Friday,2024,49,202449,12,202412,4,20244
2024-12-07,Weekend,6,Saturday,2024,49,202449,12,202412,4,20244
2024-12-08,Weekend,7,Sunday,2024,49,202449,12,202412,4,20244
2024-12-09,Business Day,1,Monday,2024,50,202450,12,202412,4,20244
2024-12-10,Business Day,2,Tuesday,2024,50,202450,12,202412,4,20244
2024-12-11,Business Day,3,Wednesday,2024,50,202450,12,202412,4,20244
2024-12-12,Business Day,4,Thursday,2024,50,202450,12,202412,4,20244
2024-12-13,Business Day,5,Friday,2024,50,202450,12,202412,4,20244
2024-12-14,Weekend,6,Saturday,2024,50,202450,12,202412,4,20244
2024-12-15,Weekend,7,Sunday,2024,50,202450,12,202412,4,20244
2024-12-16,Business Day,1,Monday,2024,51,202451,12,202412,4,20244
2024-12-17,Business Day,2,Tuesday,2024,51,202451,12,202412,4,20244
2024-12-18,Business Day,3,Wednesday,2024,51,202451,12,202412,4,20244
2024-12-19,Business Day,4,Thursday,2024,51,202451,12,202412,4,20244
2024-12-20,Business Day,5,Friday,2024,51,202451,12,202412,4,20244
2024-12-21,Weekend,6,Saturday,2024,51,202451,12,202412,4,20244
2024-12-22,Weekend,7,Sunday,2024,51,202451,12,202412,4,20244
2024-12-23,Business Day,1,Monday,2024,52,202452,12,202412,4,20244
2024-12-24,Business Day,2,Tuesday,2024,52,202452,12,202412,4,20244
2024-12-25,Business Day,3,Wednesday,2024,52,202452,12,202412,4,20244
2024-12-26,Business Day,4,Thursday,2024,52,202452,12,202412,4,20244
2024-12-27,Business Day,5,Friday,2024,52,202452,12,202412,4,20244
2024-12-28,Weekend,6,Saturday,2024,52,202452,12,202412,4,20244
2024-12-29,Weekend,7,Sunday,2024,52,202452,12,202412,4,20244
2024-12-30,Business Day,1,Monday,2024,1,202401,12,202412,4,20244
2024-12-31,Business Day,2,Tuesday,2024,1,202401,12,202412,4,20244
